<?xml version="1.0" encoding="UTF-8"?>
<project-private xmlns="http://www.netbeans.org/ns/project-private/1">
    <editor-bookmarks xmlns="http://www.netbeans.org/ns/editor-bookmarks/2" lastBookmarkId="0"/>
    <open-files xmlns="http://www.netbeans.org/ns/projectui-open-files/2">
        <group>
            <file>file:/C:/Users/Alex%20Montes/Documents/NetBeansProjects/EVA2_9_CLASES_ABSTRACTAS/src/eva2_9_clases_abstractas/CLIENTE.java</file>
            <file>file:/C:/Users/Alex%20Montes/Documents/NetBeansProjects/EVA2_9_CLASES_ABSTRACTAS/src/eva2_9_clases_abstractas/PERSONA.java</file>
            <file>file:/C:/Users/Alex%20Montes/Documents/NetBeansProjects/EVA2_9_CLASES_ABSTRACTAS/src/eva2_9_clases_abstractas/EVA2_9_CLASES_ABSTRACTAS.java</file>
            <file>file:/C:/Users/Alex%20Montes/Documents/NetBeansProjects/EVA2_9_CLASES_ABSTRACTAS/src/eva2_9_clases_abstractas/MuestraDatos.java</file>
        </group>
    </open-files>
</project-private>
