<?xml version="1.0" encoding="UTF-8"?>
<project-private xmlns="http://www.netbeans.org/ns/project-private/1">
    <editor-bookmarks xmlns="http://www.netbeans.org/ns/editor-bookmarks/2" lastBookmarkId="0"/>
    <open-files xmlns="http://www.netbeans.org/ns/projectui-open-files/2">
        <group>
            <file>file:/C:/Users/Alex%20Montes/Documents/NetBeansProjects/EVA2_6_HERENCIA_E_INTERFACES/src/eva2_6_herencia_e_interfaces/Persona.java</file>
            <file>file:/C:/Users/Alex%20Montes/Documents/NetBeansProjects/EVA2_6_HERENCIA_E_INTERFACES/src/eva2_6_herencia_e_interfaces/Estudiante.java</file>
            <file>file:/C:/Users/Alex%20Montes/Documents/NetBeansProjects/EVA2_6_HERENCIA_E_INTERFACES/src/eva2_6_herencia_e_interfaces/MuestraDatos.java</file>
            <file>file:/C:/Users/Alex%20Montes/Documents/NetBeansProjects/EVA2_6_HERENCIA_E_INTERFACES/src/eva2_6_herencia_e_interfaces/EVA2_6_HERENCIA_E_INTERFACES.java</file>
        </group>
    </open-files>
</project-private>
